{
  "Api_1" : {
    "transaction" : "Api_1",
    "sampleCount" : 31421,
    "errorCount" : 526,
    "errorPct" : 1.6740396,
    "meanResTime" : 28918.54088030271,
    "medianResTime" : 173.0,
    "minResTime" : 0.0,
    "maxResTime" : 156921.0,
    "pct1ResTime" : 560.9000000000015,
    "pct2ResTime" : 82503.8,
    "pct3ResTime" : 147340.96000000002,
    "throughput" : 81.51707212033634,
    "receivedKBytesPerSec" : 189.83599177866694,
    "sentKBytesPerSec" : 19.976160760845033
  },
  "Api_2" : {
    "transaction" : "Api_2",
    "sampleCount" : 27883,
    "errorCount" : 562,
    "errorPct" : 2.0155652,
    "meanResTime" : 14611.36925725345,
    "medianResTime" : 174.0,
    "minResTime" : 0.0,
    "maxResTime" : 148184.0,
    "pct1ResTime" : 653.9000000000015,
    "pct2ResTime" : 64952.50000000001,
    "pct3ResTime" : 147435.0,
    "throughput" : 73.1925639316033,
    "receivedKBytesPerSec" : 167.51790303914646,
    "sentKBytesPerSec" : 28.122505235212124
  },
  "Api_2-1" : {
    "transaction" : "Api_2-1",
    "sampleCount" : 27669,
    "errorCount" : 348,
    "errorPct" : 1.2577252,
    "meanResTime" : 6694.449672919129,
    "medianResTime" : 88.5,
    "minResTime" : 1.0,
    "maxResTime" : 84269.0,
    "pct1ResTime" : 252.0,
    "pct2ResTime" : 15546.400000000009,
    "pct3ResTime" : 84153.0,
    "throughput" : 72.65675467020992,
    "receivedKBytesPerSec" : 123.06357168565431,
    "sentKBytesPerSec" : 8.407374881176835
  },
  "Total" : {
    "transaction" : "Total",
    "sampleCount" : 177020,
    "errorCount" : 1730,
    "errorPct" : 0.9772907,
    "meanResTime" : 14762.24742402,
    "medianResTime" : 128.0,
    "minResTime" : 0.0,
    "maxResTime" : 156921.0,
    "pct1ResTime" : 281.90000000000146,
    "pct2ResTime" : 378.0,
    "pct3ResTime" : 479.0,
    "throughput" : 458.5915317817247,
    "receivedKBytesPerSec" : 706.9343218558619,
    "sentKBytesPerSec" : 95.40347326026922
  },
  "Api_1-1" : {
    "transaction" : "Api_1-1",
    "sampleCount" : 31189,
    "errorCount" : 294,
    "errorPct" : 0.94264,
    "meanResTime" : 14920.892590336396,
    "medianResTime" : 88.0,
    "minResTime" : 1.0,
    "maxResTime" : 93185.0,
    "pct1ResTime" : 246.0,
    "pct2ResTime" : 24264.0,
    "pct3ResTime" : 84145.0,
    "throughput" : 81.15119219841178,
    "receivedKBytesPerSec" : 139.99446706395773,
    "sentKBytesPerSec" : 9.969776395310564
  },
  "Api_2-0" : {
    "transaction" : "Api_2-0",
    "sampleCount" : 27669,
    "errorCount" : 0,
    "errorPct" : 0.0,
    "meanResTime" : 7788.458527594012,
    "medianResTime" : 86.0,
    "minResTime" : 41.0,
    "maxResTime" : 78568.0,
    "pct1ResTime" : 280.0,
    "pct2ResTime" : 45992.65000000001,
    "pct3ResTime" : 63359.0,
    "throughput" : 72.63958751194514,
    "receivedKBytesPerSec" : 43.15011402441665,
    "sentKBytesPerSec" : 19.72051301593823
  },
  "Api_1-0" : {
    "transaction" : "Api_1-0",
    "sampleCount" : 31189,
    "errorCount" : 0,
    "errorPct" : 0.0,
    "meanResTime" : 13820.880791304766,
    "medianResTime" : 85.0,
    "minResTime" : 41.0,
    "maxResTime" : 78589.0,
    "pct1ResTime" : 272.0,
    "pct2ResTime" : 45250.05000000002,
    "pct3ResTime" : 63397.990000000005,
    "throughput" : 80.92652030752545,
    "receivedKBytesPerSec" : 48.7480132197411,
    "sentKBytesPerSec" : 10.036785233452862
  }
}